1,vineeth,vineeth,Vineeth,Pradhan,porsamini@gmail.com,0
2,admin,admin,admin,admin@idexcel.com,1
3,user3,user3,user3,user32,user3@idexcel.com,0
4,user4,user4,user4,user42,user4@idexcel.com,0
5,user5,user5,user5,user52,user5@idexcel.com,0
6,user6,user6,user6,user62,user6@idexcel.com,0
7,user7,user7,user7,user72,user7@idexcel.com,0
8,user8,user8,user8,user82,user8@idexcel.com,0
9,user9,user9,user9,user92,user9@idexcel.com,0
10,user10,user10,user10,user102,user10@idexcel.com,0
11,user11,user11,user11,user112,user11@idexcel.com,0
12,user12,user12,user12,user122,user12@idexcel.com,0
13,user13,user13,user13,user132,user13@idexcel.com,0
14,user14,user14,user14,user142,user14@idexcel.com,0
15,user15,user15,user15,user152,user15@idexcel.com,0
16,user16,user16,user16,user162,user16@idexcel.com,0
17,user17,user17,user17,user172,user17@idexcel.com,0
18,user18,user18,user18,user182,user18@idexcel.com,0
19,user19,user19,user19,user192,user19@idexcel.com,0
20,user20,user20,user20,user202,user20@idexcel.com,0
21,user21,user21,user21,user212,user21@idexcel.com,0
22,user22,user22,user22,user222,user22@idexcel.com,0
23,user23,user23,user23,user232,user23@idexcel.com,0
24,user24,user24,user24,user242,user24@idexcel.com,0
25,user25,user25,user25,user252,user25@idexcel.com,0
26,user26,user26,user26,user262,user26@idexcel.com,0